<?xml version="1.0" encoding="utf-8"?>
<extension type="plugin" group="system" method="upgrade">
	<name>PLG_SYSTEM_LESSGHSVS</name>
	<author>G@HService Berlin Neukölln, Volkmar Volli Schlothauer</author>
	<creationDate>2015-11-08</creationDate>
	<copyright>(C) 2015, G@HService Berlin Neukölln, Volkmar Volli Schlothauer.</copyright>
	<license>GNU General Public License version 3 or later; see LICENSE.txt.</license>
	<authorUrl>https://ghsvs.de</authorUrl>
	<version>2023.07.20</version>
 	<description>PLG_SYSTEM_LESSGHSVS_XML_DESCRIPTION</description>

	<updateservers>
		<server type="extension" priority="1" name="PLG_SYSTEM_LESSGHSVS">https://raw.githubusercontent.com/GHSVS-de/upadateservers/master/plg_system_lessghsvs-update.xml</server>
	</updateservers>

	<infourl>https://updates.ghsvs.de/changelog.php?file=plg_system_lessghsvs&amp;version=2023.07.20?file=plg_system_lessghsvs</infourl>

	<scriptfile>installerScript.php</scriptfile>
	<minimumPhp>7.4.0</minimumPhp>
	<maximumPhp>8.9999.9999</maximumPhp>
	<minimumJoomla>3.10.0</minimumJoomla>
	<maximumJoomla>4.9999.9999</maximumJoomla>
	<allowDowngrades>1</allowDowngrades>

	<files>
		<filename plugin="lessghsvs">lessghsvs.php</filename>
		<filename>installerScript.php</filename>
		<filename>LICENSE.txt</filename>
		<folder>Field</folder>
		<folder>language</folder>
		<folder>lessc</folder>
		<folder>vendor</folder>
	</files>
	<namespace path="src">GHSVS\Plugin\System\LessGhsvs</namespace>
	<config>
		<fields name="params" addfieldpath="plugins/system/lessghsvs/Field">
			<fieldset name="basic">
				<field type="hidden" default="1" name="lessghsvsplugin" />

				<field name="mode" type="list"
					description="PLG_SYSTEM_LESS_FIELD_MODE_DESC"
					label="PLG_SYSTEM_LESS_FIELD_MODE_LABEL"
					default="-1"
					filter="integer">
						<option value="-1">Only load lessc (frontend)</option>
						<option value="0">PLG_SYSTEM_LESS_FIELD_MODE_FRONTEND</option>
				</field>

				<field name="templates" type="Templatesghsvs" multiple="true"
					description=""
					label="Aktiv in Templates"
					filter="string"
					showon="mode:0">
				</field>

				<field name="lessfile" type="textarea" filter="trim"
					description="PLG_SYSTEM_LESS_FIELD_LESSFILE_DESC"
					hint="Example:\nless/template.less\nless/overridesGhsvs.less"
					label="PLG_SYSTEM_LESS_FIELD_LESSFILE_LABEL"
					default=""
					showon="mode:0" />

				<field name="cssfile" type="textarea" filter="trim"
					description="PLG_SYSTEM_LESS_FIELD_CSSFILE_DESC"
					hint="Example:\ncss/template.css\ncss/overridesGhsvs.css"
					label="PLG_SYSTEM_LESS_FIELD_CSSFILE_LABEL"
					default=""
					showon="mode:0"
				/>

				<field type="spacer" name="lessspacer" class="text"
					label="PLG_SYSTEM_LESS_LESSSPACER" />

				<field name="sitelessc" type="list"
					default="lessphp-1.7.0.9-bugfixedGhsvs"
					label="PLG_SYSTEM_LESS_FIELD_SITELESSC_LABEL"
					description="PLG_SYSTEM_LESS_FIELD_SITELESSC_DESC">
						<option value="lessphp-1.7.0.9-bugfixedGhsvs">lessphp-1.7.0.9-bugfixedGhsvs</option>
				</field>

				<field name="less_force" type="list"
					description="PLG_SYSTEM_LESS_FIELD_FORCE_DESC"
					label="PLG_SYSTEM_LESS_FIELD_FORCE_LABEL"
					default="0" filter="integer">
					<option value="0">JNO</option>
					<option value="1">JYES</option>
				</field>
				<field name="less_comments" type="list"
					description="PLG_SYSTEM_LESS_FIELD_COMMENTS_DESC"
					label="PLG_SYSTEM_LESS_FIELD_COMMENTS_LABEL"
					default="1" filter="integer">
					<option value="0">JNO</option>
					<option value="1">JYES</option>
				</field>

				<!-- <field name="less_compress" type="list"
					description="PLG_SYSTEM_LESS_FIELD_COMPRESSION_DESC"
					label="PLG_SYSTEM_LESS_FIELD_COMPRESSION_LABEL"
					default="0" filter="integer">
					<option value="0">JNO</option>
					<option value="1">JYES</option>
				</field> -->

				<field name="less_relativeUrls" type="list"
					description="PLG_SYSTEM_LESS_FIELD_RELATIVEURLS_DESC"
					label="PLG_SYSTEM_LESS_FIELD_RELATIVEURLS_LABEL"
					default="1" filter="integer">
					<option value="0">JNO</option>
					<option value="1">JYES</option>
				</field>

				<field name="gzFiles" type="list" default="1" filter="integer"
					label="PLG_SYSTEM_LESS_GZFILES">
					<option value="0">JNO</option>
					<option value="1">JYES</option>
				</field>

				<field name="debug" type="list" default="0" filter="integer"
					label="PLG_SYSTEM_LESS_DEBUG"
					description="PLG_SYSTEM_LESS_DEBUG_DESC">
					<option value="0">JNO</option>
					<option value="1">JYES</option>
				</field>

			</fieldset>
		</fields>
	</config>

</extension>
